mon,proportion
7,0.998019361116844
6,1.0011445161388608
12,1.020719747207815
9,0.983024391120719
11,1.0103182599728644
5,1.0132683003697376
2,0.9300136715235
1,1.0210364502878688
8,1.018761368914048
10,1.0180766373390042
4,0.9743263654749805
3,1.0112909305361506
