mon,proportion
12,1.020719748393862
9,0.9830243887130287
5,1.0132683015464579
2,0.930013672601688
1,1.0210364514741121
4,0.9743263630566492
6,1.0011445173009053
11,1.0103182611460548
3,1.0112909317104446
7,0.9980193622754345
8,1.0187613665492745
10,1.0180766349736152
